product_title,product_price,product_orders_number,product_Reviews_number,product_description
Outdoor Sports Backpack Sports Backpack Men Women Unisex Schoolbags  backpack men  laptop computer   backpacks for men,MAD 0.11,MAD 0.11,62 Reviews,
"Heavy-duty Mesh Drawstring Bag Mesh bag for Pool Toys, Mushroom, Beach, Swimming",,,,
Literary Shoulder Bag Cartoon Panda Cross Body Messenger Bag Plush Handbag Gift for Mother's Day Valentine's Day  Dropship,,,1 Review,
2022 New Fashion Water Resistant Business Backpack For Men Travel Notebook Laptop Backpack Bags 15.6 inch Male Mochila For Teen,MAD 298.89,MAD 298.89,329 Reviews,
"SWICKY Male multifunction fashion business casual travel anti-theft waterproof 15.6 inch Laptop men backpack,Boys' school bags",,,,
20L Lightweight Waterproof Camping Gym Bag Foldable Hiking Backpack Polyester Rucksacks For Men Women Outdoor Travel Sports Bag,MAD 23.96,MAD 23.96,6 Reviews,
Outdoor Mountaineering Backpack Men's School Bag Camouflage Backpack Multi-functional Travel Three-level Bags Large Capacity,MAD 301.01,,,
Stitch Print Cosmetic Case Pencil Bag Women Makeup Bags Girls School Pencil Box Kids Stationary Bag birthday gift,,,,
Coloranimal Fashion Tahiti Polynesian Hibiscus Printed Schoolbags for Teenager School Backpacks Children School Bag Set 3PCS Hot,,,,
New Casual Sports Backpack Outdoor Mountaineering Bag Waterproof Nylon Travel Bag Couple Multifunctional Backpack,MAD 175.69,,,
Charli Damelio Kids Drawstring Bags Men Women Student Shopping School Traveling Party Bags,,,,
